title,link,city
Hotel Bacata Real,https://caqueta.travel/directorio/hotel-bacata-real/,Florencia
La Calera Amazónica,https://caqueta.travel/directorio/la-calera-amazonica/,Florencia
Ferry MarcoPolo Crucero Fluvial Ecológico,https://caqueta.travel/directorio/ferry-marcopolo-crucero-fluvial-ecologico/,Florencia
Parque Ecológico El Paraíso de Pedro,https://caqueta.travel/directorio/parque-ecologico-el-paraiso-de-pedro/,Florencia
Reserva Natural Dos Quebradas,https://caqueta.travel/directorio/reserva-natural-dos-quebradas/,Florencia
La Calera Amazónica – Morelia Caquetá,https://caqueta.travel/directorio/la-calera-amazonica-morelia-caqueta/,Morelia
Hotel Royal Plaza,https://caqueta.travel/directorio/hotel-royal-plaza/,Florencia
Parroquia Nuestra Señora de la Consolata,https://caqueta.travel/directorio/parroquia-nuestra-senora-de-la-consolata/,Albania
Santuario Virgen de las Mercedes,https://caqueta.travel/directorio/santuario-virgen-de-las-mercedes/,Albania
Palacio Municipal,https://caqueta.travel/directorio/palacio-municipal/,Albania
Centro Regional de Educación Superior de Albania (Ceres),https://caqueta.travel/directorio/centro-regional-de-educacion-superior-de-albania-ceres/,Albania
Biblioteca Pública Municipal,https://caqueta.travel/directorio/biblioteca-publica-municipal/,Albania
Centro de Salud,https://caqueta.travel/directorio/centro-de-salud-2/,Albania
Parroquia Nuestra Señora Del Carmen,https://caqueta.travel/directorio/parroquia-nuestra-senora-del-carmen/,Curillo
Edificio Alcaldía Municipal De Curillo,https://caqueta.travel/directorio/edificio-alcaldia-municipal-de-curillo/,Curillo
Casa de la cultura “Arte Paz Y Vida”,https://caqueta.travel/directorio/casa-de-la-cultura-arte-paz-y-vida/,Curillo
Biblioteca Municipal,https://caqueta.travel/directorio/biblioteca-municipal/,Curillo
Auditorio Municipal,https://caqueta.travel/directorio/auditorio-municipal/,Curillo
Coliseo Cubierto,https://caqueta.travel/directorio/coliseo-cubierto-2/,Curillo
Edificio Idema Asprocur,https://caqueta.travel/directorio/edificio-idema-asprocur/,Curillo
Muelle De Pasajeros,https://caqueta.travel/directorio/muelle-de-pasajeros/,Curillo
Puerto De La Madera,https://caqueta.travel/directorio/puerto-de-la-madera/,Curillo
Terminal De Transporte De Curillo,https://caqueta.travel/directorio/terminal-de-transporte-de-curillo/,Curillo
Planta De Tratamiento Empresa De Servicios Públicos De Curillo,https://caqueta.travel/directorio/planta-de-tratamiento-empresa-de-servicios-publicos-de-curillo/,Curillo
Escuela Audiovisual Infantil,https://caqueta.travel/directorio/escuela-audiovisual-infantil/,Belen de los Andaquies
La Prafa,https://caqueta.travel/directorio/la-prafa/,Belen de los Andaquies
Parroquia del Sagrado Corazón de Jesús,https://caqueta.travel/directorio/parroquia-del-sagrado-corazon-de-jesus/,Belen de los Andaquies
Gruta de Nuestra Señora de Guadalupe,https://caqueta.travel/directorio/gruta-de-nuestra-senora-de-guadalupe/,Cartagena del Chaira
Parroquia San Pedro Claver,https://caqueta.travel/directorio/parroquia-san-pedro-claver/,Cartagena del Chaira
Parroquia de San Isidro Labrador,https://caqueta.travel/directorio/parroquia-de-san-isidro-labrador/,Cartagena del Chaira
"Instituto municipal de Cultura, Recreación, Deporte y Turismo",https://caqueta.travel/directorio/instituto-municipal-de-cultura-recreacion-deporte-y-turismo/,Cartagena del Chaira
Hospital Local De Cartagena del Chairá,https://caqueta.travel/directorio/hospital-local-de-cartagena-del-chaira/,Cartagena del Chaira
Parroquia de San Juan Bautista,https://caqueta.travel/directorio/parroquia-de-san-juan-bautista/,El Doncello
Santuario del señor de los milagros,https://caqueta.travel/directorio/santuario-del-senor-de-los-milagros/,El Doncello
Chocaguán,https://caqueta.travel/directorio/chocaguan/,Cartagena del Chaira
Parque de la virgen,https://caqueta.travel/directorio/parque-de-la-virgen/,El Doncello
Ancianato Doncello,https://caqueta.travel/directorio/ancianato-doncello/,El Doncello
"Casa de la pastoral social, antiguo colegio Cristóbal Colon",https://caqueta.travel/directorio/casa-de-la-pastoral-social-antiguo-colegio-cristobal-colon/,El Doncello
Escultura san Isidro,https://caqueta.travel/directorio/escultura-san-isidro/,El Doncello
Escultura san Juan Bautista,https://caqueta.travel/directorio/escultura-san-juan-bautista/,El Doncello
Escultura a la Virgen del Carmen,https://caqueta.travel/directorio/escultura-a-la-virgen-del-carmen/,El Doncello
Escultura Cristo crucificado principal,https://caqueta.travel/directorio/escultura-cristo-crucificado-principal/,El Doncello
Cruz del Anaya,https://caqueta.travel/directorio/cruz-del-anaya-2/,El Doncello
Monumento Concepción de María,https://caqueta.travel/directorio/monumento-concepcion-de-maria/,El Doncello
"Cuadros de la parroquia san Juan Bautista, los colonos y los humedales",https://caqueta.travel/directorio/cuadros-de-la-parroquia-san-juan-bautista-los-colonos-y-los-humedales/,El Doncello
Parroquia Nuestra Señora Del Perpetuo Socorro,https://caqueta.travel/directorio/parroquia-nuestra-senora-del-perpetuo-socorro/,La Montañita
Palacio de las Bellas Artes,https://caqueta.travel/directorio/palacio-de-las-bellas-artes/,La Montañita
Alcaldía de la Montañita,https://caqueta.travel/directorio/alcaldia-de-la-montanita/,La Montañita
Centro de Salud La Montañita,https://caqueta.travel/directorio/centro-de-salud-la-montanita/,La Montañita
Parroquia de María Auxiliadora,https://caqueta.travel/directorio/parroquia-de-maria-auxiliadora/,Morelia
Casa Cural,https://caqueta.travel/directorio/casa-cural/,Morelia
Alcaldía Municipal de El Morelia,https://caqueta.travel/directorio/alcaldia-municipal-de-el-morelia/,Morelia
Edificio Estación de Policía de Morelia,https://caqueta.travel/directorio/edificio-estacion-de-policia-de-morelia/,Morelia
Palacio de las Bellas Artes y la Cultura,https://caqueta.travel/directorio/palacio-de-las-bellas-artes-y-la-cultura/,Morelia
Catedral Nuestra Señora de Lourdes,https://caqueta.travel/directorio/catedral-nuestra-senora-de-lourdes/,Florencia
Parroquia Corazón Inmaculado de María,https://caqueta.travel/directorio/parroquia-corazon-inmaculado-de-maria/,Florencia
Templo de los Gregorianos,https://caqueta.travel/directorio/templo-de-los-gregorianos/,Florencia
Santuario Divino Niño,https://caqueta.travel/directorio/santuario-divino-nino/,Florencia
Curia Episcopal,https://caqueta.travel/directorio/curia-episcopal/,Florencia
Seminario Mayor San José,https://caqueta.travel/directorio/seminario-mayor-san-jose/,Florencia
Monasterio Divino Redentor,https://caqueta.travel/directorio/monasterio-divino-redentor/,Florencia
Gobernación del Caquetá,https://caqueta.travel/directorio/gobernacion-del-caqueta/,Florencia
Museo y sendero histórico del Caquetá Félix Artunduaga Bermeo,https://caqueta.travel/directorio/museo-y-sendero-historico-del-caqueta-felix-artunduaga-bermeo/,Florencia
Plaza de Toros Santo Domingo,https://caqueta.travel/directorio/4995/,Florencia
Hospital María Inmaculada,https://caqueta.travel/directorio/hospital-maria-inmaculada/,Florencia
Hospital Comunal las Malvinas,https://caqueta.travel/directorio/hospital-comunal-las-malvinas/,Florencia
Terminal de Transporte de Florencia,https://caqueta.travel/directorio/terminal-de-transporte-de-florencia/,Florencia
Aeropuerto Gustavo Artunduaga Paredes,https://caqueta.travel/directorio/aeropuerto-gustavo-artunduaga-paredes/,Florencia
Restaurante Florencia Avalon Club,https://caqueta.travel/directorio/restaurante-florencia-avalon-club/,Florencia
Museo Caquetá,https://caqueta.travel/directorio/museo-caqueta/,Florencia
Institución Educativa Cervantes,https://caqueta.travel/directorio/institucion-educativa-cervantes/,Morelia
Reserva Natural y Ecoturística Las Dalias,https://caqueta.travel/directorio/reserva-natural-y-ecoturistica-las-dalias/,La Montañita
Hotel Campestre Las Garzas,https://caqueta.travel/directorio/hotel-campestre-las-garzas/,Florencia
Hospital Local Curillo,https://caqueta.travel/directorio/hospital-local-curillo/,Curillo
Biblioteca Municipal de Cartagena del Chairá,https://caqueta.travel/directorio/biblioteca-municipal-de-cartagena-del-chaira/,Cartagena del Chaira
Santuario Virgen del Carmen,https://caqueta.travel/directorio/santuario-virgen-del-carmen/,Belen de los Andaquies
Lácteos Santa Cruz,https://caqueta.travel/directorio/lacteos-santa-cruz/,Albania
