Nombre,Ubicación,Descripción,Link
"""MACH"" MUSEO DE ARTE CONTEMPORANEO DEL HUILA","Neiva, CARRERA 5 # 21-81 BLOQUE CULTU.",(1176 reviews),https://huila.travel/inventario/55
ACADEMIA HUILENSE DE HISTORIA,"Neiva, CARRERA 5 # 21-81 BLOQUE CULTU.",(1176 reviews),https://huila.travel/inventario/43
Achiras,"Neiva, 0.",(1176 reviews),https://huila.travel/inventario/260
Antigua Estación del Ferrocarril,"Neiva, Carrera 16 No. 7 - 45.",(1176 reviews),https://huila.travel/inventario/302
Arena y sol,"Campoalegre, Vereda Potosí 300 Mts vía al Ancianato PTAP.",(1176 reviews),https://huila.travel/inventario/319
AREPAS DE CHOCLO,"San Agustí­n, NA.",(1176 reviews),https://huila.travel/inventario/67
ARQUITECTURA COLONIAL LA JAGUA,"Garzón, NA.",(1176 reviews),https://huila.travel/inventario/60
Arroz tapado,"Garzón, 0.",(1176 reviews),https://huila.travel/inventario/240
ARTESANÍAS EN TOTUMO,"Villavieja, NA.",(1176 reviews),https://huila.travel/inventario/110
ARTESANIAS TALLADAS EN MADERA,"Gigante, NA.",(1176 reviews),https://huila.travel/inventario/136
Asado Huilense,"Neiva, 0.",(1176 reviews),https://huila.travel/inventario/261
ASADO HUILENSE,"Neiva, NA.",(1176 reviews),https://huila.travel/inventario/26
Avenida Inés García de Durán,"Neiva, Ruta 45 desde la Calle 2 Sur hasta la Glorieta Mer.",(1176 reviews),https://huila.travel/inventario/270
Baile del Sanjuanero Huilense,"Neiva, 0.",(1176 reviews),https://huila.travel/inventario/262
Basílica Menor de Nuestra Señora de Las mercedes,"Nátaga, Cl. 6 #1-69, Nátaga, Huila.",(1176 reviews),https://huila.travel/inventario/313
BISUTERÍA FIBRAS NATURALES Y SEMILLAS,"San Agustí­n, NA.",(1176 reviews),https://huila.travel/inventario/95
BIZCOCHO DE ACHIRA,"Altamira, NA.",(1176 reviews),https://huila.travel/inventario/27
BOSQUE LOS PINOS,"Tarqui, carrera 9 No 4-38.",(1176 reviews),https://huila.travel/inventario/305
CAMINO PREHISPÁNICO DEL MACIZO COLOMBIANO,"San Agustí­n, VEREDA PUERTO QUINCHANA.",(1176 reviews),https://huila.travel/inventario/394
Cañón de Bordones,"Saladobla    nco, Vereda Alto Medianías Saladoblanco.",(1176 reviews),https://huila.travel/inventario/408
Cañón del Simio,"Tesalia, CALLE 6 NO. 2 - 03.",(1176 reviews),https://huila.travel/inventario/173
Capilla de Naranjal,"Timaná, Cra 3 # 7-75 Casa San Calixto.",(1176 reviews),https://huila.travel/inventario/392
CAPILLA DE SANTA BARBARA,"Villavieja, NA.",(1176 reviews),https://huila.travel/inventario/77
Casa de Retiros Lomachata,"Garzón, 0.",(1176 reviews),https://huila.travel/inventario/235
Casa Embrujada del Maestro Emiro Garzón,"Garzón, Calle 2 con carrera 2 La Jagua - Garzón.",(1176 reviews),https://huila.travel/inventario/236
CASA HACIENDA LA ARGENTINITA,"La Argentina, HACIENDA LA ARGENTINITA, VERED.",(1176 reviews),https://huila.travel/inventario/137
"CASA MUSEO ""CASA EMBRUJADA"" DE EMIRO GARZON","Garzón, CENTRO POBLADO DE LA JAGUA.",(1176 reviews),https://huila.travel/inventario/34
CASA TRADICIONAL DE LA ZONA CAFETERA,"Gigante, NA.",(1176 reviews),https://huila.travel/inventario/102
CASCADA EL DUENDE,"La Plata, NA.",(1176 reviews),https://huila.travel/inventario/104
CASCADA EL DUENDE,"Isnos, NA.",(1176 reviews),https://huila.travel/inventario/127
Cascada El Duende,"Garzón, 0.",(1176 reviews),https://huila.travel/inventario/237
CASCADA EL SILENCIO,"Pitalito, NA.",(1176 reviews),https://huila.travel/inventario/92
Cascada La Bocana,"Rivera, 0.",(1176 reviews),https://huila.travel/inventario/216
CASCADA LA CANDELARIA,"La Plata, NA.",(1176 reviews),https://huila.travel/inventario/81
CASCADA LA GAITANA,"La Argentina, NA.",(1176 reviews),https://huila.travel/inventario/144
CASCADA LA GALLINETA,"La Argentina, NA.",(1176 reviews),https://huila.travel/inventario/153
Cascada La María,"Yaguará, 0.",(1176 reviews),https://huila.travel/inventario/221
Cascada La Promesa,"Colombia, Vereda El Dorado Puente de la Quebrada El purgatorio.",(1176 reviews),https://huila.travel/inventario/187
Cascada La Serpiente,"Paicol, 0.",(1176 reviews),https://huila.travel/inventario/205
Cascada Las Damas,"Garzón, 0.",(1176 reviews),https://huila.travel/inventario/238
CASCADA LOS CRISTALES - PARQUE NATURAL NACIONAL CUEVA DE LOS GUACHAROS,"Palestina, PARQUE PRINCIPAL PALESTINA.",(1176 reviews),https://huila.travel/inventario/33
CASCADA LOS TRES CHORROS,"San Agustí­n, NA.",(1176 reviews),https://huila.travel/inventario/64
CASCADA SALTO DEL ANGEL,"Rivera, NA.",(1176 reviews),https://huila.travel/inventario/133
Cascada Salto del Ángel,"Rivera, 0.",(1176 reviews),https://huila.travel/inventario/210
Cascadas El Santuario,"Rivera, 0.",(1176 reviews),https://huila.travel/inventario/211
Cascadas Las Tres Marías,"Colombia, Vereda El valle.",(1176 reviews),https://huila.travel/inventario/186
Casona Santa Cruz de La Plazuela,"Garzón, Calle 2 # 2-08 Barrio Santa Rosa 414020 la Jagua Huila.",(1176 reviews),https://huila.travel/inventario/190
CATEDRAL DE LA INMACULADA CONCEPCIÓN,"Neiva, CALLE 7 CARRERA 4 ESQUINA.",(1176 reviews),https://huila.travel/inventario/42
Catedral de San Miguel Arcángel,"Garzón, Carrera 8 No. 6 - Esquina.",(1176 reviews),https://huila.travel/inventario/241
Catedral Inmaculada Concepción,"Neiva, Calle 7 No. 4 - 52.",(1176 reviews),https://huila.travel/inventario/271
CATEDRAL SAN MIGUEL ARCANGEL,"Garzón, PAQUE CENTRAL MUNICIPIO DE GAR.",(1176 reviews),https://huila.travel/inventario/45
Caverna La Cumbre,"Paicol, 0.",(1176 reviews),https://huila.travel/inventario/206
Cementerio Pijao,"Villavieja, Vereda La Victoria.",(1176 reviews),https://huila.travel/inventario/180
Centro Cultural y de Convenciones José Eustasio Rivera,"Neiva, Carrera 5 No. 21 - 81.",(1176 reviews),https://huila.travel/inventario/272
CENTRO CULTURAL Y DE CONVENCIONES JOSE EUSTASIO RIVERA,"Neiva, CARRERA 5 # 21-81.",(1176 reviews),https://huila.travel/inventario/35
Cerro El Chapuro,"Neiva, Carrera 5 N° 9 - 74.",(1176 reviews),https://huila.travel/inventario/388
CERRO GUACAS,"La Argentina, NA.",(1176 reviews),https://huila.travel/inventario/122
Cervecería Artesanal Bambuquera,"Neiva, Cra 6p No 31-62.",(1176 reviews),https://huila.travel/inventario/410
CESTERÍA EN FIBRAS VEGETALES,"San Agustí­n, NA.",(1176 reviews),https://huila.travel/inventario/66
Charco El Bejuco,"Yaguará, 0.",(1176 reviews),https://huila.travel/inventario/222
Cocina Tradicional,"Campoalegre, 0.",(1176 reviews),https://huila.travel/inventario/316
COLINAS LOS HALCONES,"La Argentina, NA.",(1176 reviews),https://huila.travel/inventario/49
COMUNIDAD ATLANTIS,"La Argentina, VEREDA CAMPOALEGRE/MUNICIPIO D.",(1176 reviews),https://huila.travel/inventario/163
Comunidad Nazarenos de Dios,"Colombia, Comunidad Nazareth.",(1176 reviews),https://huila.travel/inventario/185
"CONJUNTO DE MONUMENTOS ""NEIVA, CIUDAD VILLAMIL""","Neiva, NA.",(1176 reviews),https://huila.travel/inventario/160
Conjunto de Monumentos de La Ciudad de Neiva,"Neiva, Cra. 1 #42W Neiva Huila.",(1176 reviews),https://huila.travel/inventario/273
CONJUNTO DE MONUMENTOS DE LA CIUDAD NEIVA.,"Neiva, NA.",(1176 reviews),https://huila.travel/inventario/148
Conjunto de Monumentos Neiva Ciudad Villamil,"Neiva, Av. La Toma.",(1176 reviews),https://huila.travel/inventario/274
Convento de las Hermanas Clarisas Monasterio del Ave María,"Garzón, Calle 9 vía Zuluaga.",(1176 reviews),https://huila.travel/inventario/239
Cristo Pantocrator,"Colombia, Sitio Santa Helena Corregimiento de Santana.",(1176 reviews),https://huila.travel/inventario/184
Cuenca del Río Las Ceibas,"Neiva, 0.",(1176 reviews),https://huila.travel/inventario/255
Cuesco Alimento Ancestral,"Aipe, Na.",(1176 reviews),https://huila.travel/inventario/414
Cueva Caja de Agua,"Paicol, 0.",(1176 reviews),https://huila.travel/inventario/200
CUEVA DE LOS GUACHAROS - PNN CUEVA DE LOS GUACHAROS,"Palestina, PARQUE PRINCIPAL PALESTINA.",(1176 reviews),https://huila.travel/inventario/15
Cueva del Amor,"Yaguará, 0.",(1176 reviews),https://huila.travel/inventario/223
CUEVA DEL INDIO - PNN CUEVA DE LOS GUACHAROS,"Palestina, PARQUE PRINCIPAL PALESTINA.",(1176 reviews),https://huila.travel/inventario/18
CUEVA DEL TIGRE,"Yaguará, A 200 METROS DE LA ESCUELA RUR.",(1176 reviews),https://huila.travel/inventario/111
Cueva del Tigre,"Yaguará, 0.",(1176 reviews),https://huila.travel/inventario/224
CUY A LA BRASA,"San Agustí­n, NA.",(1176 reviews),https://huila.travel/inventario/76
DANZA SANJUANERO HUILENSE,"Neiva, NA.",(1176 reviews),https://huila.travel/inventario/16
DESIERTO DE LA TATACOA SECTOR EL CARDÓN,"Villavieja, NA.",(1176 reviews),https://huila.travel/inventario/78
DESIERTO DE LA TATACOA SECTOR EL CUZCO,"Villavieja, NA.",(1176 reviews),https://huila.travel/inventario/40
DESIERTO DE LA TATACOA SECTOR LOS HOYOS,"Villavieja, NA.",(1176 reviews),https://huila.travel/inventario/53
DESIERTO DE LA TATACOA SECTOR VALLE DE LOS XILOPALOS,"Villavieja, NA.",(1176 reviews),https://huila.travel/inventario/69
Dulce de Nochebuena,"Neiva, 0.",(1176 reviews),https://huila.travel/inventario/263
DULCES DE CACTUS,"Villavieja, NA.",(1176 reviews),https://huila.travel/inventario/142
Ecofinca El Recreo,"Pitalito, Vereda Charguayaco.",(1176 reviews),https://huila.travel/inventario/424
Edificio Nacional,"Neiva, Calle 7 No. 6 - 38.",(1176 reviews),https://huila.travel/inventario/275
EL ARCO DE LAS JARRAS,"Isnos, NA.",(1176 reviews),https://huila.travel/inventario/98
El Bosque Sub Xerofítico,"Colombia, Calle 6 # 3-74.",(1176 reviews),https://huila.travel/inventario/188
EL CABLE AEREO,"Pitalito, VEREDA ALTO DE LACRUZ-CORREGIM.",(1176 reviews),https://huila.travel/inventario/149
EL FIAMBRE,"Pitalito, NA.",(1176 reviews),https://huila.travel/inventario/48
EL LAPIAZ - PARQUE NATURAL NACIONAL CUEVA DE LOS GUACHAROS,"Palestina, PARQUE PRINCIPAL PALESTINA.",(1176 reviews),https://huila.travel/inventario/23
El LAVAPATAS,"La Argentina, NA.",(1176 reviews),https://huila.travel/inventario/87
EL MALECON DE YAGUARA,"Yaguará, ESTE DEL CASCO URBANO DE YAGUA.",(1176 reviews),https://huila.travel/inventario/118
EL MALECÓN DEL RÍO MAGDALENA,"Neiva, SOBRE LA MARGEN DEL RÍO: Pu.",(1176 reviews),https://huila.travel/inventario/97
EL MOHÁN,"Neiva, AVENIDA CIRCUNVALAR - CALLE 10.",(1176 reviews),https://huila.travel/inventario/161
El Patio de La Cerámica,"Campoalegre, Cll 23 # 7 - 40, Campoalegre, Huila..",(1176 reviews),https://huila.travel/inventario/318
EL TAMAL HUILENSE,"Neiva, NA.",(1176 reviews),https://huila.travel/inventario/29
EL VALLE DEL DESENGAÑO,"La Argentina, NA.",(1176 reviews),https://huila.travel/inventario/85
EL VEGÓN,"Isnos, VEREDA GRANADA.",(1176 reviews),https://huila.travel/inventario/152
ELABORACION DE TEJIDOS EN LANA,"La Argentina, NA.",(1176 reviews),https://huila.travel/inventario/25
ELABORACION DEL TRAJE PARA EL BAILE DEL SANJUANERO HUILENSE,"Neiva, NA.",(1176 reviews),https://huila.travel/inventario/62
Embalse de Betania,"Yaguará, 0.",(1176 reviews),https://huila.travel/inventario/225
Embalse El Quimbo,"Garzón, 0.",(1176 reviews),https://huila.travel/inventario/242
Ermita de La Cruz,"Oporapa, Vereda San Roque Oporapa Huila.",(1176 reviews),https://huila.travel/inventario/405
ESTACIÓN DEL FERROCARRIL,"Neiva, Calle 16 NÃ‚Âº 7-45 - CARRERA.",(1176 reviews),https://huila.travel/inventario/79
Estación del Ferrocarril Potosí,"Villavieja, Vereda Potosí.",(1176 reviews),https://huila.travel/inventario/178
Estadio Guillermo Plazas Alcid,"Neiva, Carrera 16 entre calle 14 y 18.",(1176 reviews),https://huila.travel/inventario/276
ESTOFADO DE CHIVO,"Villavieja, NA.",(1176 reviews),https://huila.travel/inventario/41
ESTRECHO DEL MAGDALENA,"San Agustí­n, NA.",(1176 reviews),https://huila.travel/inventario/31
Expoferia Garzón,"Garzón, Carrera 11 con calle 1 sur.",(1176 reviews),https://huila.travel/inventario/243
Exposición Equina Grado A y Copa Surcolombiana,"Pitalito, Cl. 7 Sur #3-1.",(1176 reviews),https://huila.travel/inventario/425
Feria Exposición Equina Grado B,"Aipe, Calle 4 con carrera 10.",(1176 reviews),https://huila.travel/inventario/195
Feria Ganadera y Muestra Equina Comercial y Artesanal,"Paicol, Calle 5 con carrera 5.",(1176 reviews),https://huila.travel/inventario/201
Feria Nacional Artesanal Pitalito,"Pitalito, Avenida Pastrana No. 11 sur 2 – 47.",(1176 reviews),https://huila.travel/inventario/426
Festival de Cuenteros Viva La Palabra Viva,"Neiva, 0.",(1176 reviews),https://huila.travel/inventario/259
FESTIVAL DE LAS BRUJAS,"Garzón, NA.",(1176 reviews),https://huila.travel/inventario/101
"FESTIVAL DE MUSICA COLOMBIANA ""NESTOR CASTILLO""","La Argentina, Calle 9No. 4 - 50 Of. 203 Cali.",(1176 reviews),https://huila.travel/inventario/140
FESTIVAL DEPARTAMENTAL INFANTIL DEL SANJUANERO HUILENSE,"Rivera, ALCALDIA DE RIVERA.",(1176 reviews),https://huila.travel/inventario/113
FESTIVAL FOLCLORICO REINADO NACIONAL DEL BAMBUCO MUESTRA INTERNACIONAL DE FOLCLOR,"Neiva, NA.",(1176 reviews),https://huila.travel/inventario/19
Festival Folclórico Reinado Nacional del Bambuco y Muestra Internacional del Folclor,"Neiva, Carrera 8 entre calle 5 y 6.",(1176 reviews),https://huila.travel/inventario/258
Festival Folclórico Y Reinado Municipal Del Bambuco,"Aipe, .",(1176 reviews),https://huila.travel/inventario/415
Festival Infantil de Sanjuanero Huilense,"Rivera, Calle 4 con carrera 7.",(1176 reviews),https://huila.travel/inventario/212
Festival y Reinado Departamental de La Alegría y El Folclor,"Garzón, Carrera 8 No. 8 - 56.",(1176 reviews),https://huila.travel/inventario/244
FIESTA DE ESTRELLAS - STAR PARTY,"Villavieja, OBSERVATORIO ASTRONOMICO DE LA.",(1176 reviews),https://huila.travel/inventario/82
Finca Agro turística 1810,"Pitalito, Vereda Santa Rita.",(1176 reviews),https://huila.travel/inventario/423
Finca El Alcatraz,"Oporapa, Vereda Morelia Oporapa Huila.",(1176 reviews),https://huila.travel/inventario/407
Finca El Canelo,"Palestina, Vereda La Guajira.",(1176 reviews),https://huila.travel/inventario/311
Finca El Carmen,"Tarqui, Vereda San Joaquín.",(1176 reviews),https://huila.travel/inventario/307
Finca El Higuillo,"Tarqui, Vereda El Mirador Tarqui Huila.",(1176 reviews),https://huila.travel/inventario/304
Finca Guayabilla,"Tarqui, Vereda Guayabilla.",(1176 reviews),https://huila.travel/inventario/306
Finca La Alicia,"Gigante, Vereda Tres Esquinas.",(1176 reviews),https://huila.travel/inventario/422
Finca La María,"La Plata, Vereda La Morena.",(1176 reviews),https://huila.travel/inventario/413
Finca La Perla,"Gigante, Vereda Bajo Corozal.",(1176 reviews),https://huila.travel/inventario/421
Finca Villa Stefany,"Rivera, Vereda Termópilas.",(1176 reviews),https://huila.travel/inventario/404
FUENTES DE AGUAS TERMALES,"Rivera, NA.",(1176 reviews),https://huila.travel/inventario/132
Gastronomía Tradicional,"La Plata, N/A.",(1176 reviews),https://huila.travel/inventario/400
Hacienda La Loma,"Gigante, Calle 3 N0. 6 - 85.",(1176 reviews),https://huila.travel/inventario/192
Hacienda Matamundo,"Neiva, Carrera 5 No. 3 sur - 51.",(1176 reviews),https://huila.travel/inventario/277
Hacienda Paisito,"Tesalia, Vereda El Espinal.",(1176 reviews),https://huila.travel/inventario/174
Hacienda Potosí,"Campoalegre, Vereda Piravante a 3,8 km del municipio de  Campoalegre.",(1176 reviews),https://huila.travel/inventario/300
Hacienda Potosí,"Campoalegre, Vereda Piravante.",(1176 reviews),https://huila.travel/inventario/320
HOSPITAL UNIVERSITARIO HERNANDO MOCALEANO PERDOMO DE NEIVA,"Neiva, Calle 9 No. 15-25.",(1176 reviews),https://huila.travel/inventario/58
IGLESIA DE MADERA EL PENSIL,"La Argentina, NA.",(1176 reviews),https://huila.travel/inventario/89
Iglesia de Piedra,"Campoalegre, Vereda Piravante Campoalegre.",(1176 reviews),https://huila.travel/inventario/317
Iglesia de Santa Ana,"Yaguará, Carrera 4 No. 3 - 31.",(1176 reviews),https://huila.travel/inventario/226
IGLESIA NUESTRA SEÑORA DEL PERPETUO SOCORRO,"Rivera, PARQUE PRINCIPAL RIVERA.",(1176 reviews),https://huila.travel/inventario/114
Iglesia Nuestra Señora del Perpetuo Socorro,"Rivera, Carrera 6 No 3-40.",(1176 reviews),https://huila.travel/inventario/213
IGLESIA SANTA ANA,"Yaguará, PARQUE CENTRAL CALLE 3 No. 4 -.",(1176 reviews),https://huila.travel/inventario/123
Iglesia Santa Rosa de Lima,"Paicol, Calle 5 con carrera 5 - Esquina.",(1176 reviews),https://huila.travel/inventario/203
INTITUCION EDUCATIVA NUCLEO ESCOLAR EL GUADUAL,"Rivera, VEREDA EL GUADUAL.",(1176 reviews),https://huila.travel/inventario/126
Jardín Botánico de Neiva,"Neiva, Carrera 30 No. 24 - 2a.",(1176 reviews),https://huila.travel/inventario/278
Jardín Mariano,"Oporapa, Vereda El Tablón Oporapa.",(1176 reviews),https://huila.travel/inventario/406
LA COOPERATIVA,"La Plata, NA.",(1176 reviews),https://huila.travel/inventario/129
LA CUEVA DEL AMOR,"Yaguará, NA.",(1176 reviews),https://huila.travel/inventario/117
La Mistela,"Neiva, 0.",(1176 reviews),https://huila.travel/inventario/269
LA MOLIENDA,"Isnos, NA.",(1176 reviews),https://huila.travel/inventario/38
LAGUNA DE GUAITIPAN,"Pitalito, CALLE 5 #5-25.",(1176 reviews),https://huila.travel/inventario/99
Laguna de San Andrés,"La Plata, Centro poblado de San Andrés de La Plata.",(1176 reviews),https://huila.travel/inventario/314
LAGUNA DE SANTIAGO,"San Agustí­n, PÁRAMOS DE LAS PAPAS.",(1176 reviews),https://huila.travel/inventario/393
Laguna El Curibano,"Neiva, Carrera 53 con calle 8.",(1176 reviews),https://huila.travel/inventario/257
LAGUNA EL JARDÍN FLOTANTE,"La Argentina, NA.",(1176 reviews),https://huila.travel/inventario/86
Laguna Tembladora,"Colombia, 0.",(1176 reviews),https://huila.travel/inventario/189
Las Juntas y Balneario El Tomo,"Yaguará, 0.",(1176 reviews),https://huila.travel/inventario/227
Lechona Huilense,"Neiva, 0.",(1176 reviews),https://huila.travel/inventario/264
LECHONA HUILENSE,"Neiva, NA.",(1176 reviews),https://huila.travel/inventario/28
Loma de La Cruz,"Gigante, Calle 3 No 4-11 - Código Postal: 414001.",(1176 reviews),https://huila.travel/inventario/321
Los Pinos Parque Agroecoturistico,"Hobo, Finca La Esperanza Sector El Castillo vereda Bajo Estoracal.",(1176 reviews),https://huila.travel/inventario/172
Malecón de Yaguará,"Yaguará, Carrera 1 con calle 4 y 7.",(1176 reviews),https://huila.travel/inventario/228
Malecón del Río Magdalena,"Neiva, Carrera 1D entre la calle 21 y la calle 1G.",(1176 reviews),https://huila.travel/inventario/279
MAROQUINERIA ARTESANAL,"San Agustí­n, NA.",(1176 reviews),https://huila.travel/inventario/150
Meseta La Venta,"Villavieja, Calle 4 No. 3 - 53 Edificio Municipal.",(1176 reviews),https://huila.travel/inventario/401
Mirador del Mohán,"Neiva, Carrera 1D con calle 8.",(1176 reviews),https://huila.travel/inventario/280
Mirador El Balcón del Huila,"Garzón, calle 7 No- 13 - 42.",(1176 reviews),https://huila.travel/inventario/384
Mirador La Mano del Gigante,"Gigante, Vereda El Rodeo Municipio de Gigante.",(1176 reviews),https://huila.travel/inventario/323
Mirador La Morra,"Gigante, Finca Lomalinda Gigante.",(1176 reviews),https://huila.travel/inventario/324
Mocca Mirador,"La Plata, Vereda La Morena.",(1176 reviews),https://huila.travel/inventario/412
Molino el Triunfo,"Garzón, Carrera 8 No. 8 - 56.",(1176 reviews),https://huila.travel/inventario/246
Monumento a la Gaitana,"Neiva, Carrera 1D con calle 2A.",(1176 reviews),https://huila.travel/inventario/281
MONUMENTO A LA GAITANA,"Neiva, AV CIRCUNVALAR ENTRE CALLE 4 Y.",(1176 reviews),https://huila.travel/inventario/36
Monumento a los Potros,"Neiva, Carrera 3 No. 16 - 91.",(1176 reviews),https://huila.travel/inventario/282
Monumento al Pescador,"Neiva, Carrera 1D con calle 14.",(1176 reviews),https://huila.travel/inventario/283
Monumento Cuarto Centenario,"Neiva, Carrera 2 con calle 8.",(1176 reviews),https://huila.travel/inventario/284
Monumento Intihuantana,"Neiva, Entre carrera 5 y calle 21.",(1176 reviews),https://huila.travel/inventario/298
Monumento La Bambuquera,"Neiva, Carrera 5 No. 21-81.",(1176 reviews),https://huila.travel/inventario/285
MONUMENTO LA BAMBUQUERA,"Neiva, CARRERA 5 # 21-81 PLAZOLETA.",(1176 reviews),https://huila.travel/inventario/83
Monumento Pentagrama Musical,"Neiva, Avenida circunvalar con calle 21.",(1176 reviews),https://huila.travel/inventario/299
Morcilllas y Chorizos,"Tarqui, NA.",(1176 reviews),https://huila.travel/inventario/308
MOYAS DE CHICHAYACO,"Yaguará, 2.9 KM DEL CASCO URBANO VIA NE.",(1176 reviews),https://huila.travel/inventario/154
Moyas de Chichayaco,"Yaguará, 0.",(1176 reviews),https://huila.travel/inventario/229
MUSEO ARQUEOLOGICO COMUNITARIO DE LA ARGENTINA,"La Argentina, PARQUE CENTRAL EN EL CASCO URB.",(1176 reviews),https://huila.travel/inventario/107
Museo Arqueológico de Santana Valle Alto del Rio Cabrera,"Colombia, Centro Poblado de Santana.",(1176 reviews),https://huila.travel/inventario/183
MUSEO ARQUEOLOGICO MUNICIPAL,"Isnos, BIBLIOTECA MUNICIPAL.",(1176 reviews),https://huila.travel/inventario/143
Museo Arqueológico Regional,"Neiva, Carrera 5 No. 21 - 81 Bloque Cultural piso 2.",(1176 reviews),https://huila.travel/inventario/286
MUSEO ARQUEOLOGICO REGIONAL DE NEIVA,"Neiva, CARRERA 5 # 21-81 BLOQUE CULTU.",(1176 reviews),https://huila.travel/inventario/54
MUSEO COSTUMBRISTA HUELLAS DEL PASADO,"Pitalito, CALLE 5 # 3-70.",(1176 reviews),https://huila.travel/inventario/139
Museo de Historia Natural La Tatacoa,"Villavieja, 0.",(1176 reviews),https://huila.travel/inventario/182
MUSEO ETNOGRAFICO EL TABLON,"San Agustí­n, Vereda El Tablón.",(1176 reviews),https://huila.travel/inventario/63
MUSEO ETNOGRAFICO FINCA BARRANQUILLA,"La Argentina, NA.",(1176 reviews),https://huila.travel/inventario/151
Museo Jorge Villamil Cordovez,"Neiva, Carrera 5 No. 21 - 81.",(1176 reviews),https://huila.travel/inventario/287
MUSEO JORGE VILLAMIL CORDOVEZ,"Neiva, CARRERA 5 # 21-81 BLOQUE CULTU.",(1176 reviews),https://huila.travel/inventario/128
Museo La Tormenta,"Villavieja, Vereda El Líbano Villavieja.",(1176 reviews),https://huila.travel/inventario/176
MUSEO PALEONTOLOGICO VILLAVIEJA,"Villavieja, Calle 4 No 3-53 Parque Princip.",(1176 reviews),https://huila.travel/inventario/22
MUSEO PARQUE ARQUEOLÓGICO DE SAN AGUSTÍN,"San Agustí­n, KM 3 VEREDA MESITA.",(1176 reviews),https://huila.travel/inventario/9
MUSEO PRECOLOMBINO VILLAREAL,"San Agustí­n, Calle 5 No. 12 - 5.",(1176 reviews),https://huila.travel/inventario/21
Museo Prehistórico,"Neiva, Carrera 1D No. 2A - 01.",(1176 reviews),https://huila.travel/inventario/288
MUSEO PREHISTORICO,"Neiva, CARRERA 1H # 1Ã‚Âª -02. BAJO E.",(1176 reviews),https://huila.travel/inventario/155
OBSERVACIÓN ASTRONÓMICA,"Villavieja, NA.",(1176 reviews),https://huila.travel/inventario/39
OBSERVATORIO ASTRONOMICO DE LA TATACOA,"Villavieja, NA.",(1176 reviews),https://huila.travel/inventario/20
Observatorio Astrosur,"Villavieja, Vereda Palmira.",(1176 reviews),https://huila.travel/inventario/417
PALACIO DE LOS NIÑOS,"Neiva, CALLE 21 ENTRE CARRERA 2 Y 1.",(1176 reviews),https://huila.travel/inventario/91
Palacio Episcopal de Garzón,"Garzón, Calle 6 No. 7 - 14.",(1176 reviews),https://huila.travel/inventario/247
Parque Ángel María Paredes,"Yaguará, Carrera 4 No. 3 - 31.",(1176 reviews),https://huila.travel/inventario/230
PARQUE ARQUEOLÓGICO ALTO DE LOS ÍDOLOS,"Isnos, PARQUE ARQUEOLOGICO ALTO DE LO.",(1176 reviews),https://huila.travel/inventario/12
PARQUE ARQUEOLÓGICO ALTO LAS PIEDRAS,"Isnos, EL ADMINISTRADOR TIENE SEDE EN.",(1176 reviews),https://huila.travel/inventario/13
PARQUE ARQUEOLÓGICO DE SAN AGUSTÍN,"San Agustí­n, Km 3 verda Mesitas.",(1176 reviews),https://huila.travel/inventario/1
PARQUE ARQUEOLOGICO MUSEO DE OBANDO,"San Agustí­n, CENTRO POBLADO DE OBANDO.",(1176 reviews),https://huila.travel/inventario/11
Parque Central Rivera,"Rivera, Calle 4a entre carreras 7 y 6.",(1176 reviews),https://huila.travel/inventario/214
Parque de la Música Jorge Villamil Cordovez,"Neiva, Carrera 8 entre calle 5 y 6.",(1176 reviews),https://huila.travel/inventario/289
Parque Isla del Mohán,"Neiva, Avenida Circunvalar con calle 10.",(1176 reviews),https://huila.travel/inventario/290
PARQUE NACIONAL NATURAL CUEVA DE LOS GUACHAROS,"Palestina, PARQUE PRINCIPAL PALESTINA.",(1176 reviews),https://huila.travel/inventario/14
PARQUE NATURAL REGIONAL CERRO PARAMO DE MIRAFLORES,"Gigante, Cr 1 No. 60 - 79 Neiva.",(1176 reviews),https://huila.travel/inventario/59
Parque Pentagrama Recreacional y Cultural El Caracolí,"Neiva, Avenida Circunvalar con calle 16.",(1176 reviews),https://huila.travel/inventario/291
PARQUE PENTAGRAMA RECREACIONAL Y CULTURAL EL CARACOLI,"Neiva, MALECÓN DEL RÍO MAGDALEN.",(1176 reviews),https://huila.travel/inventario/141
Parque Principal de Aipe,"Aipe, Calle 5 con carrera 5.",(1176 reviews),https://huila.travel/inventario/196
Parque Santander,"Neiva, Carrera 4 con calle 8.",(1176 reviews),https://huila.travel/inventario/292
Paseo José Eustasio Rivera,"Neiva, Carrera 5 entre la calle 25a y la calle 7.",(1176 reviews),https://huila.travel/inventario/293
PEPITORIA DE CHIVO,"Villavieja, NA.",(1176 reviews),https://huila.travel/inventario/70
PETROGLIFOS DE LA UNIÓN,"La Argentina, NA.",(1176 reviews),https://huila.travel/inventario/165
PETROGLIFOS DEL ESTRECHO,"San Agustí­n, NA.",(1176 reviews),https://huila.travel/inventario/147
Piedra pintada,"Aipe, 0.",(1176 reviews),https://huila.travel/inventario/197
PISCICULTURA INDUSTRIAL EN JAULAS,"Yaguará, REPRESA DE BETANIA.",(1176 reviews),https://huila.travel/inventario/166
Piscicultura Industrial en Jaulas,"Yaguará, 0.",(1176 reviews),https://huila.travel/inventario/231
Plaza de Mercado de La Plata,"La Plata, Carrera 4 entre calle 5 y 6.",(1176 reviews),https://huila.travel/inventario/398
Plaza de Toros La Monumental de Aipe,"Aipe, Calle 4 con carrera 10.",(1176 reviews),https://huila.travel/inventario/198
PNR ECORREGION LA TATACOA,"Villavieja, LAS MERCEDES NEIVA.",(1176 reviews),https://huila.travel/inventario/68
Poblado Colonial de La Jagua,"Garzón, 0.",(1176 reviews),https://huila.travel/inventario/248
Producción cafetera de Garzón,"Garzón, Cl. 2 Garzón Huila.",(1176 reviews),https://huila.travel/inventario/245
Productos Alimenticios de Leche de Cabra,"Villavieja, 0.",(1176 reviews),https://huila.travel/inventario/181
Puente de Golondrinas,"Villavieja, Sitio Golondrinas.",(1176 reviews),https://huila.travel/inventario/179
QUEBRADA LA HONDA SITIO EL SANTUARIO,"Rivera, NA.",(1176 reviews),https://huila.travel/inventario/135
"QUEBRADA LA MEDINA, SENDERO LA BOCANA","Rivera, NA.",(1176 reviews),https://huila.travel/inventario/125
Quebrada La Motilona,"Paicol, 0.",(1176 reviews),https://huila.travel/inventario/301
Quebrada La Venta,"Paicol, 0.",(1176 reviews),https://huila.travel/inventario/207
Quebrada Las Delicias,"Paicol, 0.",(1176 reviews),https://huila.travel/inventario/202
QUEBRADA LAS LAJAS,"Villavieja, NA.",(1176 reviews),https://huila.travel/inventario/121
Quebrada Santa Inés,"Paicol, 0.",(1176 reviews),https://huila.travel/inventario/208
QUEBRADA Y CASCADA EL CANEY,"Pitalito, NA.",(1176 reviews),https://huila.travel/inventario/145
QUESILLO YAGUAREÑO,"Yaguará, NA.",(1176 reviews),https://huila.travel/inventario/30
Quesillo Yaguareño,"Yaguará, 0.",(1176 reviews),https://huila.travel/inventario/232
Rajaleña,"Neiva, 0.",(1176 reviews),https://huila.travel/inventario/265
Recinto Ferial La Vorágine,"Neiva, Carrera 4 No. 22 - 11.",(1176 reviews),https://huila.travel/inventario/294
REINADO DE LA PANELA,"San Agustí­n, CENTRO POBLADO DE OBANDO.",(1176 reviews),https://huila.travel/inventario/130
REINADO DEPARTAMENTAL DEL CACAO Y DEL CAFE,"Gigante, NA.",(1176 reviews),https://huila.travel/inventario/103
Reinado Departamental del Turismo y Fiestas Reales,"Yaguará, Entre Carrera 1a y 9a con calle 4a y 7a.",(1176 reviews),https://huila.travel/inventario/234
REPRESA DE BETANIA,"Yaguará, SECTOR NORORIENTAL DEL CASCO U.",(1176 reviews),https://huila.travel/inventario/50
Reserva Ecoturistica El Carriquí y El Barranquero,"Gigante, Vereda Villa Café.",(1176 reviews),https://huila.travel/inventario/325
Reserva ecoturistica Los Robles,"Palestina, Vereda Jericó Palestina Huila.",(1176 reviews),https://huila.travel/inventario/312
RESERVA NATURAL DE LA SOCIEDAD CIVIL PORTAL DEL OSO,"San Agustí­n, Calle 5 No. 4 - 15.",(1176 reviews),https://huila.travel/inventario/108
RESERVA NATURAL PRIVADA MEREMBERG,"La Plata, NA.",(1176 reviews),https://huila.travel/inventario/73
Reserva Natural Privada Mermeberg,"La Plata, Vereda La María.",(1176 reviews),https://huila.travel/inventario/399
RESERVA NATURAL VENTANAS,"Gigante, ZONA ORIENTAL DEL MUNICIPIO DE.",(1176 reviews),https://huila.travel/inventario/71
RESGUARDO GUAMBIANO NUEVO AMANECER,"La Argentina, CENTRO POBLADO EL PENSIL.",(1176 reviews),https://huila.travel/inventario/88
RESGUARDO INDIGENA NAZA PIEKWE IKH,"La Argentina, NA.",(1176 reviews),https://huila.travel/inventario/164
RIO EL CALLEJON SITIO EL CAIMAN,"Yaguará, 7KM VIA A IQUIRA POR LA VIA PR.",(1176 reviews),https://huila.travel/inventario/168
Río El Callejón Sitio El Caimán,"Yaguará, 0.",(1176 reviews),https://huila.travel/inventario/233
RIO LORO,"La Plata, NA.",(1176 reviews),https://huila.travel/inventario/116
Río Magdalena,"Neiva, Avenida Circunvalar entre calle 1 y 91.",(1176 reviews),https://huila.travel/inventario/256
RIO MAGDALENA,"Neiva, NA.",(1176 reviews),https://huila.travel/inventario/158
RIO MAGDALENA TRAMO BENGALA - DOMINGO ARIAS,"Gigante, NA.",(1176 reviews),https://huila.travel/inventario/119
Río Páez,"Paicol, 0.",(1176 reviews),https://huila.travel/inventario/209
RIO YAGUARA TRAMO EL TOMO Y LAS JUNTAS,"Yaguará, NA.",(1176 reviews),https://huila.travel/inventario/159
Ruta del Achira,"Neiva, Carrera 5 N° 9 - 74.",(1176 reviews),https://huila.travel/inventario/387
RUTA PREHISPANICA DEL MACIZO COLOMBIANO,"San Agustí­n, NA.",(1176 reviews),https://huila.travel/inventario/32
SALTO DE BORDONES,"Isnos, NA.",(1176 reviews),https://huila.travel/inventario/80
SALTO DEL MORTIÑO,"Isnos, NA.",(1176 reviews),https://huila.travel/inventario/146
SANCOCHO DE GALLINA,"Garzón, NA.",(1176 reviews),https://huila.travel/inventario/46
Sancocho de Gallina,"Garzón, 0.",(1176 reviews),https://huila.travel/inventario/249
Santuario de La Virgen De Los Milagros de Tobo,"Timaná, Cra 3 # 7-75 Casa San Calixto.",(1176 reviews),https://huila.travel/inventario/390
Santuario de San Roque,"Neiva, Carrera 5 No. 1C - 70.",(1176 reviews),https://huila.travel/inventario/295
SEMINARIO MAYOR CONCILIAR MARIA INMACULADA CONCEPCION,"Garzón, Cll 9 No 1a - 83 barrio Nazare.",(1176 reviews),https://huila.travel/inventario/51
Seminario Mayor de San Esteban,"Rivera, Carrera 5 No 11 - 01.",(1176 reviews),https://huila.travel/inventario/215
Sendero Chipyaq,"Saladoblanco, Vereda Morelia Saladoblanco.",(1176 reviews),https://huila.travel/inventario/409
SENDERO DEL PUENTE COLGANTE,"Gigante, NA.",(1176 reviews),https://huila.travel/inventario/156
SENDERO ECOLOGICO,"Yaguará, NA.",(1176 reviews),https://huila.travel/inventario/134
SENDERO ECOLOGICO LOS CANTOS DEL BAMBU,"Pitalito, NA.",(1176 reviews),https://huila.travel/inventario/100
SENDERO ECOLOGICO PAOCOS,"San Agustí­n, 500 MTS DEL CASCO URBANO DE SA.",(1176 reviews),https://huila.travel/inventario/131
SENDERO INTEPRETATIVO AGROPARQUE LOMACHATA,"Garzón, NA.",(1176 reviews),https://huila.travel/inventario/124
Sendero Interpretativo Arqueológico Doche,"Villavieja, Caserío Doche Villavieja.",(1176 reviews),https://huila.travel/inventario/402
Sendero Interpretativo Finca el Altico,"Gigante, Vereda La Umbría.",(1176 reviews),https://huila.travel/inventario/420
SENDERO LA COOPERATIVA - PUENTE DE LA SELVA,"La Plata, NA.",(1176 reviews),https://huila.travel/inventario/120
SENDERO LOS CRISTALES - PARQUE NATURAL NACIONAL CUEVA DE LOS GUACHAROS,"Palestina, PARQUE PRINCIPAL PALESTINA.",(1176 reviews),https://huila.travel/inventario/24
SENDERO PASO DE OSO,"Pitalito, CORREGIMENTO DEBRUCELAS-VEREDA.",(1176 reviews),https://huila.travel/inventario/61
SENDERO PRIMAVERAL,"Rivera, NA.",(1176 reviews),https://huila.travel/inventario/169
SERVICIOS ESPECIALIZADOS DE SALUD,"Neiva, NA.",(1176 reviews),https://huila.travel/inventario/90
SITIO ARQUEOLÓGICO BEGONIA,"Saladoblanco, FINCA BEGONIA.",(1176 reviews),https://huila.travel/inventario/397
SITIO ARQUEOLOGICO EL TABLON,"San Agustí­n, NA.",(1176 reviews),https://huila.travel/inventario/52
Sitio Arqueológico El Tambillo,"Rivera, Alcaldía del Municipio de Rivera.",(1176 reviews),https://huila.travel/inventario/217
SITIO ARQUEOLOGICO LA CHAQUIRA,"San Agustí­n, NA.",(1176 reviews),https://huila.travel/inventario/17
SITIO ARQUEOLOGICO LA PELOTA Y EL PURUTAL,"San Agustí­n, NA.",(1176 reviews),https://huila.travel/inventario/10
SITIO ARQUEOLOGICO QUEBRADILLAS,"San Agustí­n, NA.",(1176 reviews),https://huila.travel/inventario/75
TALLA ARTESANAL EN PIEDRA,"San Agustí­n, NA.",(1176 reviews),https://huila.travel/inventario/65
Tamal Huilense,"Neiva, 0.",(1176 reviews),https://huila.travel/inventario/267
TECNO PARQUE 7 YAMBORO,"Pitalito, Cra 8 No, 7 - 53.",(1176 reviews),https://huila.travel/inventario/44
TEJEDURÍA EN FIBRA DE PLATANO,"San Agustí­n, NA.",(1176 reviews),https://huila.travel/inventario/84
TEJEDURIA EN FIQUE,"Garzón, NA.",(1176 reviews),https://huila.travel/inventario/72
Tejeduría en Fique,"Garzón, 0.",(1176 reviews),https://huila.travel/inventario/250
TEJIDOS EN FIBRA DE ARROZ,"Garzón, NA.",(1176 reviews),https://huila.travel/inventario/162
Templo Colonial de Neiva,"Neiva, Calle 8 No. 5 - 58.",(1176 reviews),https://huila.travel/inventario/296
TEMPLO COLONIAL DE NEIVA,"Neiva, CARRERA 5 CALLE 8 ESQUINA.",(1176 reviews),https://huila.travel/inventario/56
TEMPLO COLONIAL DE SAN ANTONIO DE PADUA,"Gigante, CARRERA 5 No. 3 - 51.",(1176 reviews),https://huila.travel/inventario/74
Templo de la Inmaculada Concepción de la Jagua,"Garzón, Calle 5 No. 5 - Esquina.",(1176 reviews),https://huila.travel/inventario/252
Templo de Nuestra Señora del Rosario,"Garzón, Carrera 11 No. 6 - 22.",(1176 reviews),https://huila.travel/inventario/251
TEMPLO DE SAN ANDRES,"La Plata, Costado occidental plaza principal.",(1176 reviews),https://huila.travel/inventario/315
Templo de San Calixto,"Timaná, Cra 3 # 7-75 Casa San Calixto.",(1176 reviews),https://huila.travel/inventario/391
Templo de San José De Nazareth,"Garzón, Carrera 1 No. 7 - Esquina.",(1176 reviews),https://huila.travel/inventario/253
TEMPLO PARROQUIAL DE SANTA ROSA DE LIMA,"Paicol, PARQUE PRINCIPAL DE PAICOL.",(1176 reviews),https://huila.travel/inventario/105
Templo parroquial Nuestra Señora de los Dolores,"Aipe, Carrera 5 No. 4-29.",(1176 reviews),https://huila.travel/inventario/199
TEMPLO SAN SEBASTIAN DE LA PLATA,"La Plata, CARRERA 5 No. 3-71.",(1176 reviews),https://huila.travel/inventario/94
Termal Los Ángeles,"Rivera, 0.",(1176 reviews),https://huila.travel/inventario/218
TERMALES DE MORELIA,"Saladoblanco, VEREDA MORELIA SALADOBLANCO.",(1176 reviews),https://huila.travel/inventario/396
Termales San Francisco,"Rivera, 0.",(1176 reviews),https://huila.travel/inventario/219
Termales Tierra de Promisión,"Rivera, 0.",(1176 reviews),https://huila.travel/inventario/220
Traje para el Baile del Sanjuanero Huilense,"Neiva, 0.",(1176 reviews),https://huila.travel/inventario/268
TRAMO DEL RIO PAEZ DEL PUENTE DE LOS ANGELES AL DE LAS ORQUIDEAS,"Paicol, NA.",(1176 reviews),https://huila.travel/inventario/93
TRUCHA AHUMADA,"La Argentina, NA.",(1176 reviews),https://huila.travel/inventario/96
Truchas del Macizo Cabaña Los Churumbelos,"Palestina, Vereda Villas del Macizo.",(1176 reviews),https://huila.travel/inventario/310
Valida Nacional de Motonautica,"Yaguará, Diagonal 35 Bis Nº 19 - 31 Park Way Barrio La Soledad.",(1176 reviews),https://huila.travel/inventario/416
Valle del Desengaño,"La Argentina, La Argentina Huila.",(1176 reviews),https://huila.travel/inventario/303
Viaducto El Quimbo,"Garzón, 0.",(1176 reviews),https://huila.travel/inventario/254
VILLA OLIMPICA - COMPLEJO DEPORTIVO DE NEIVA,"Neiva, CARRERA 16 ENTRE LA CALLE 15 Y.",(1176 reviews),https://huila.travel/inventario/112
Villa Olímpica de Neiva,"Neiva, Carrera 18 calle 17 - Esquina.",(1176 reviews),https://huila.travel/inventario/297
Viñedos y Producción de Vino,"Tarqui, N/A.",(1176 reviews),https://huila.travel/inventario/309
Viudo de Pescado,"Neiva, 0.",(1176 reviews),https://huila.travel/inventario/266
VIUDO DE PESCADO,"Garzón, NA.",(1176 reviews),https://huila.travel/inventario/47
Xtremly Ecoturismo,"Nátaga, Vereda El Socorro.",(1176 reviews),https://huila.travel/inventario/411
ZONA ARQUEOLOGICA EL TAMBILLO,"Rivera, NA.",(1176 reviews),https://huila.travel/inventario/138
ZONA CAFETERA DEL MUNICIPIO DE GIGANTE,"Gigante, NA.",(1176 reviews),https://huila.travel/inventario/37
